config,rep,n,p50,p90,p99,p99_9,p99_99,max,mean
unpinned-2,1,17526,15.91,25.79,104.45,240.17,430.99,723.28,18.31
pinned-2,1,17642,15.17,23.06,48.32,153.40,416.61,1238.09,16.28
unpinned-4,1,17127,17.87,33.39,350.46,2518.89,11999.27,12483.61,37.37
pinned-4,1,17833,18.00,27.87,65.66,249.70,596.91,1364.23,19.82
unpinned-2,2,16938,15.57,24.17,44.86,116.77,377.79,748.10,16.39
pinned-2,2,17095,16.37,25.16,50.88,246.15,626.56,855.87,17.61
unpinned-4,2,16986,18.22,31.53,72.09,378.80,1306.47,1457.73,21.09
pinned-4,2,17222,18.50,30.79,66.12,234.40,743.09,1248.15,20.53
unpinned-2,3,17017,16.56,26.44,55.45,207.24,523.58,843.85,18.12
pinned-2,3,17357,16.23,24.28,46.99,138.83,368.12,582.20,16.99
unpinned-4,3,17340,18.52,31.25,83.61,394.55,1233.73,4058.43,21.75
pinned-4,3,17051,19.69,35.38,142.68,614.02,3445.65,4932.54,25.70
unpinned-2,4,16809,15.68,24.42,45.52,124.22,188.62,293.81,16.58
pinned-2,4,17357,16.53,25.74,49.97,162.58,352.86,386.74,17.48
unpinned-4,4,17361,18.84,31.66,84.08,351.93,1507.45,2822.24,21.90
pinned-4,4,16955,18.85,31.43,74.70,375.77,1262.53,1387.07,21.64
