w,dwell_cv,reads,mapped_pct,correct_pct,off_reads,false_mapped_pct
0,0.00,500,97.2,95.0,500,9.6
0,0.10,500,96.8,95.2,500,9.8
0,0.20,500,96.4,94.6,500,8.4
0,0.30,500,96.0,94.2,500,9.0
0,0.44,500,95.2,92.4,500,8.4
0,0.60,500,95.0,92.0,500,8.4
5,0.00,500,93.6,90.0,500,10.2
5,0.10,500,93.4,88.8,500,11.2
5,0.20,500,93.4,89.4,500,10.2
5,0.30,500,94.2,88.0,500,9.8
5,0.44,500,91.8,85.2,500,8.2
5,0.60,500,89.2,81.6,500,10.4
10,0.00,500,90.4,82.2,500,14.8
10,0.10,500,91.2,82.2,500,12.8
10,0.20,500,90.6,82.2,500,11.2
10,0.30,500,89.6,79.2,500,13.4
10,0.44,500,87.8,77.2,500,13.8
10,0.60,500,85.4,71.0,500,15.2

[exited with code 0]
